obj,k,measure,test_number,ratio_TS,ratio_EB
max,5,"(2, 8)",1,1.9204447903913944,0.9831084233109592
max,5,"(2, 8)",2,1.9608190558546927,1.010067206068178
max,5,"(2, 8)",3,1.9020641005023893,0.9735091865541174
max,5,"(2, 8)",4,1.875968859343448,1.004588661145386
max,5,"(2, 8)",5,1.8854741694371504,0.9713336575485516
max,5,"(2, 8)",6,1.9331323896396524,0.9715324400625652
max,5,"(2, 8)",7,1.909339565425914,1.0143342080031394
max,5,"(2, 8)",8,1.831285162294264,0.9902452291864794
max,5,"(2, 8)",9,1.9014399802641904,0.9592585550248636
max,5,"(2, 8)",10,1.874047533921105,0.9858475930393285
max,5,"(2, 8)",11,1.9166482173522728,1.025389708274796
max,5,"(2, 8)",12,1.8925527913109792,0.9707927762544404
max,5,"(2, 8)",13,1.8575017923564423,0.9899223601531386
max,5,"(2, 8)",14,1.913654458069297,1.020496371213414
max,5,"(2, 8)",15,1.9322983352976528,1.0182920924317738
max,5,"(2, 8)",16,1.9014932539782403,1.0430070331805008
max,5,"(2, 8)",17,1.938469874118525,1.019413820724944
max,5,"(2, 8)",18,1.9534230276885625,1.0185937782170402
max,5,"(2, 8)",19,1.883725557224044,0.9950315604768812
max,5,"(2, 8)",20,1.8179044194044016,0.9876312447930944
max,5,"(2, 8)",21,1.834268216052464,0.94634045199953
max,5,"(2, 8)",22,1.8820240371624053,0.9791232108662652
max,5,"(2, 8)",23,1.958870936788932,1.010547101150703
max,5,"(2, 8)",24,1.9123519915901,1.035637224421846
max,5,"(2, 8)",25,1.898053634853952,1.0067181485933978
max,5,"(2, 8)",26,1.898108243593857,1.0336502803221712
max,5,"(2, 8)",27,1.851480269998758,1.015376749279742
max,5,"(2, 8)",28,1.845311443813617,1.0103777863372017
max,5,"(2, 8)",29,1.8751418621962457,0.9958461062099808
max,5,"(2, 8)",30,1.8777370681189165,0.9873191709954884
max,5,"(2, 8)",31,1.9654871190305927,0.973452551172972
max,5,"(2, 8)",32,1.9738305208209013,1.010152248521318
max,5,"(2, 8)",33,1.8920224486205224,1.0047651372727824
max,5,"(2, 8)",34,1.850601806230972,1.0317605329567343
max,5,"(2, 8)",35,1.9230050252795243,1.0520583133978203
max,5,"(2, 8)",36,1.9369352883119204,1.0292615710139754
max,5,"(2, 8)",37,1.881787316441318,0.981165233501346
max,5,"(2, 8)",38,1.829629716887258,1.0561697615937582
max,5,"(2, 8)",39,1.8033146479449225,0.9684072594503574
max,5,"(2, 8)",40,1.8597053989392205,0.995940514046558
max,5,"(2, 8)",41,1.888809789475934,0.9853953543433028
max,5,"(2, 8)",42,1.942746562172955,0.981140464087622
max,5,"(2, 8)",43,1.9302222383056564,1.0015844818938722
max,5,"(2, 8)",44,1.95757614951126,0.984763785774862
max,5,"(2, 8)",45,1.922108915142053,0.9782713400154996
max,5,"(2, 8)",46,1.880109924336636,0.998049306818086
max,5,"(2, 8)",47,1.8765220478108835,1.019732268229094
max,5,"(2, 8)",48,1.863307969527248,1.031776069037592
max,5,"(2, 8)",49,1.939579035289027,1.0375098730402244
max,5,"(2, 8)",50,1.8251044010917847,0.9771764809465826
CES-2,5,"(2, 8)",1,1.4512839216974576,0.9723117883074102
CES-2,5,"(2, 8)",2,1.4567890910197914,1.01846251865688
CES-2,5,"(2, 8)",3,1.451993540545337,0.9897920366477714
CES-2,5,"(2, 8)",4,1.451921108913966,1.003419234117186
CES-2,5,"(2, 8)",5,1.4449036810313556,0.9807446482406752
CES-2,5,"(2, 8)",6,1.4550664049361852,0.9723343417895528
CES-2,5,"(2, 8)",7,1.4673017650119689,1.0039138869227446
CES-2,5,"(2, 8)",8,1.4393832768395782,1.0036462276570646
CES-2,5,"(2, 8)",9,1.446967258723045,0.9816848565478022
CES-2,5,"(2, 8)",10,1.4657649991598936,0.989460712774305
CES-2,5,"(2, 8)",11,1.4772806100461229,1.0174996483586831
CES-2,5,"(2, 8)",12,1.4537855511142423,0.9752158688793718
CES-2,5,"(2, 8)",13,1.4441447920752246,1.0044175927634182
CES-2,5,"(2, 8)",14,1.4490857630733307,1.0013737689166131
CES-2,5,"(2, 8)",15,1.46512445273502,1.0206364897585902
CES-2,5,"(2, 8)",16,1.459890357670027,1.0212075496759856
CES-2,5,"(2, 8)",17,1.4680112144734931,1.003044439462227
CES-2,5,"(2, 8)",18,1.4813518645957695,1.0196215955002987
CES-2,5,"(2, 8)",19,1.454384853140689,0.9773230985053666
CES-2,5,"(2, 8)",20,1.436199763384064,0.9930293374463866
CES-2,5,"(2, 8)",21,1.4305432668943503,0.963023740378914
CES-2,5,"(2, 8)",22,1.4431560156290506,0.9878514197771948
CES-2,5,"(2, 8)",23,1.462270004013748,1.010480786551341
CES-2,5,"(2, 8)",24,1.4469426212593457,0.998400325439035
CES-2,5,"(2, 8)",25,1.4424238152280433,1.0032123542877234
CES-2,5,"(2, 8)",26,1.4406024670617956,1.0113570810604846
CES-2,5,"(2, 8)",27,1.447537400202157,1.0190612608567269
CES-2,5,"(2, 8)",28,1.42923753665365,1.025059801826868
CES-2,5,"(2, 8)",29,1.4424461942854685,0.9829465739635936
CES-2,5,"(2, 8)",30,1.4386792414356266,0.998735551096268
CES-2,5,"(2, 8)",31,1.4651764612537692,0.981495734095733
CES-2,5,"(2, 8)",32,1.4665321273823426,0.9925335047552284
CES-2,5,"(2, 8)",33,1.4485298853486317,1.0136929256601876
CES-2,5,"(2, 8)",34,1.4543882111189657,1.0250786661737117
CES-2,5,"(2, 8)",35,1.473395278493446,1.047270204008233
CES-2,5,"(2, 8)",36,1.4429319827313285,1.021437938749707
CES-2,5,"(2, 8)",37,1.4364122182029295,0.9931250874623916
CES-2,5,"(2, 8)",38,1.437111552047742,1.027088013717799
CES-2,5,"(2, 8)",39,1.42569132050507,0.9988157411058868
CES-2,5,"(2, 8)",40,1.448520690418223,1.0001042462179013
CES-2,5,"(2, 8)",41,1.4597244554497024,0.978396258105406
CES-2,5,"(2, 8)",42,1.4599192950772726,0.9689453929467556
CES-2,5,"(2, 8)",43,1.4725278912536004,1.009947913518411
CES-2,5,"(2, 8)",44,1.4595224625455223,0.9777108187902406
CES-2,5,"(2, 8)",45,1.4472310407273394,0.9753981459831882
CES-2,5,"(2, 8)",46,1.4605368933178875,0.998917501046751
CES-2,5,"(2, 8)",47,1.4458869781662849,1.009683590608655
CES-2,5,"(2, 8)",48,1.4513961182667203,1.03506333722619
CES-2,5,"(2, 8)",49,1.457679468232804,1.011322066972833
CES-2,5,"(2, 8)",50,1.4349437610328362,1.003515953343851
square_root,5,"(2, 8)",1,1.4575280718082788,0.9860018529794148
square_root,5,"(2, 8)",2,1.458648157869527,1.0089050295641857
square_root,5,"(2, 8)",3,1.4588635003195465,0.9963166798673292
square_root,5,"(2, 8)",4,1.4612216520205903,1.0014225050394086
square_root,5,"(2, 8)",5,1.4542218441473211,0.9909217697302048
square_root,5,"(2, 8)",6,1.460834179388376,0.9861973250869166
square_root,5,"(2, 8)",7,1.4691801048881572,1.000079673961907
square_root,5,"(2, 8)",8,1.4546334653356865,1.001796552825587
square_root,5,"(2, 8)",9,1.4561864587031077,0.9935124899242986
square_root,5,"(2, 8)",10,1.4722740033812047,0.995126342420104
square_root,5,"(2, 8)",11,1.4765904999331203,1.0072929981648515
square_root,5,"(2, 8)",12,1.462539441015543,0.989101480598232
square_root,5,"(2, 8)",13,1.4569576934194,1.0024491307389116
square_root,5,"(2, 8)",14,1.4574985771536486,0.998989996138564
square_root,5,"(2, 8)",15,1.465745762655192,1.010702694894868
square_root,5,"(2, 8)",16,1.4641720843335917,1.0072960369964026
square_root,5,"(2, 8)",17,1.4687110481731775,0.9964169919217832
square_root,5,"(2, 8)",18,1.476238363725472,1.009069582492513
square_root,5,"(2, 8)",19,1.4610561435225853,0.985787655952614
square_root,5,"(2, 8)",20,1.4533670137948045,0.9966361949895068
square_root,5,"(2, 8)",21,1.4487104135690947,0.9839533287654472
square_root,5,"(2, 8)",22,1.4542557219802186,0.9934114342006828
square_root,5,"(2, 8)",23,1.4629986248449534,1.0046416714555908
square_root,5,"(2, 8)",24,1.4560457564662468,0.9947946199665952
square_root,5,"(2, 8)",25,1.452906577419677,0.9997688984237528
square_root,5,"(2, 8)",26,1.4491152899863695,1.0047060921520925
square_root,5,"(2, 8)",27,1.4598665469288998,1.0107571940868263
square_root,5,"(2, 8)",28,1.445565562505998,1.0130322976408868
square_root,5,"(2, 8)",29,1.4545115430212543,0.9917854803777132
square_root,5,"(2, 8)",30,1.4511920189740468,0.998644727635418
square_root,5,"(2, 8)",31,1.4643492711966686,0.990564182711768
square_root,5,"(2, 8)",32,1.4645740042154185,0.995120801444372
square_root,5,"(2, 8)",33,1.4565705315489823,1.006642905711249
square_root,5,"(2, 8)",34,1.4637997283966722,1.0100333408863138
square_root,5,"(2, 8)",35,1.47441956443456,1.0231007291482574
square_root,5,"(2, 8)",36,1.4508589502628553,1.0104230352271435
square_root,5,"(2, 8)",37,1.4487384874163305,0.9978237827642632
square_root,5,"(2, 8)",38,1.4516940120700317,1.0077831632451704
square_root,5,"(2, 8)",39,1.447656686638929,1.0044716197150287
square_root,5,"(2, 8)",40,1.4585000181481271,1.0012512659580752
square_root,5,"(2, 8)",41,1.4657467505201305,0.9857616952835494
square_root,5,"(2, 8)",42,1.463610826044906,0.9826002412430532
square_root,5,"(2, 8)",43,1.475345138389551,1.0063989499199373
square_root,5,"(2, 8)",44,1.4637349042272876,0.9890562463299551
square_root,5,"(2, 8)",45,1.4549706947172052,0.9864582421187352
square_root,5,"(2, 8)",46,1.4656813185984032,0.9975130241236606
square_root,5,"(2, 8)",47,1.4567452121074682,1.0010600269012957
square_root,5,"(2, 8)",48,1.4603594605605896,1.0145015931822263
square_root,5,"(2, 8)",49,1.4616588643867938,1.0013822370219672
square_root,5,"(2, 8)",50,1.4513253245567634,1.0040624692651856
max,10,"(2, 8)",1,2.3750436071172505,0.9941560350586948
max,10,"(2, 8)",2,2.43373165648711,1.0009986104456836
max,10,"(2, 8)",3,2.439800244584625,1.0393350351268371
max,10,"(2, 8)",4,2.4418537891728,0.9733503224906124
max,10,"(2, 8)",5,2.39264149300618,0.9832629829470256
max,10,"(2, 8)",6,2.4020722110066126,0.9807272482508193
max,10,"(2, 8)",7,2.425581431772766,0.9985255370122268
max,10,"(2, 8)",8,2.4263219624374326,1.0175398999695806
max,10,"(2, 8)",9,2.3991171528928947,0.988424323574914
max,10,"(2, 8)",10,2.425300977545952,1.0060824529611654
max,10,"(2, 8)",11,2.5365812887081898,1.0108940593738835
max,10,"(2, 8)",12,2.490428578998257,1.0165764715793129
max,10,"(2, 8)",13,2.4191156889495806,1.0163439445097937
max,10,"(2, 8)",14,2.376809335648844,0.9995857464731768
max,10,"(2, 8)",15,2.411073908616071,1.000003137599111
max,10,"(2, 8)",16,2.4730882790837647,0.995439903658582
max,10,"(2, 8)",17,2.41298278191082,0.998026116413366
max,10,"(2, 8)",18,2.36609991860778,0.9854915272244088
max,10,"(2, 8)",19,2.3544280372712483,1.014179767122292
max,10,"(2, 8)",20,2.413841462130174,0.9926784178050092
max,10,"(2, 8)",21,2.376328895740908,0.9958213008439764
max,10,"(2, 8)",22,2.467464197205429,0.9850854270151888
max,10,"(2, 8)",23,2.485078655203833,1.0134861205968244
max,10,"(2, 8)",24,2.403705616164449,0.9949211669181514
max,10,"(2, 8)",25,2.386467284281576,1.0062367256167994
max,10,"(2, 8)",26,2.308193518810929,0.9507710486937782
max,10,"(2, 8)",27,2.410832375718106,1.02449713493894
max,10,"(2, 8)",28,2.386542137616903,0.9941516909739264
max,10,"(2, 8)",29,2.477237861456992,1.0165896864008206
max,10,"(2, 8)",30,2.470128465185917,0.9849165043975274
max,10,"(2, 8)",31,2.3610819067928848,1.008767801011092
max,10,"(2, 8)",32,2.418301738635538,0.98375028053586
max,10,"(2, 8)",33,2.455252352779735,1.0007741781518134
max,10,"(2, 8)",34,2.445687476580694,1.0025083170729077
max,10,"(2, 8)",35,2.453545900746497,0.9958928174482108
max,10,"(2, 8)",36,2.3953182846508425,1.0026735537280695
max,10,"(2, 8)",37,2.408908525591861,0.9942935844455302
max,10,"(2, 8)",38,2.4019599148444613,0.9975253265219984
max,10,"(2, 8)",39,2.429139512650345,0.986658245430245
max,10,"(2, 8)",40,2.4489149469945874,0.9949023751970084
max,10,"(2, 8)",41,2.3469124318983865,1.0458823619606166
max,10,"(2, 8)",42,2.389984338722913,0.9827753293561096
max,10,"(2, 8)",43,2.3566165221486024,1.0069782266630585
max,10,"(2, 8)",44,2.3522906899104723,1.0126931032557085
max,10,"(2, 8)",45,2.453220944181959,1.0129201720890837
max,10,"(2, 8)",46,2.4043519771417574,1.012080323138686
max,10,"(2, 8)",47,2.428189200191836,1.0086078744095957
max,10,"(2, 8)",48,2.3835235321678803,0.982478460466016
max,10,"(2, 8)",49,2.335957898460844,0.9936690651812344
max,10,"(2, 8)",50,2.4015835576803903,1.0097822418263829
CES-2,10,"(2, 8)",1,1.6268641819739358,1.0175112355827085
CES-2,10,"(2, 8)",2,1.618352127398805,1.018135613576014
CES-2,10,"(2, 8)",3,1.6228644229271467,1.0174643338838705
CES-2,10,"(2, 8)",4,1.614899567324123,0.9831359335160816
CES-2,10,"(2, 8)",5,1.6175922430822194,0.9745905271845976
CES-2,10,"(2, 8)",6,1.6144470955520114,0.977609199122072
CES-2,10,"(2, 8)",7,1.5980468154394745,0.9902640838841386
CES-2,10,"(2, 8)",8,1.6195342414155127,1.005363489826533
CES-2,10,"(2, 8)",9,1.6085512399723618,0.9832785583279096
CES-2,10,"(2, 8)",10,1.6147514538830476,1.0118765344422134
CES-2,10,"(2, 8)",11,1.6362778637434552,1.0044584042003375
CES-2,10,"(2, 8)",12,1.646796423703412,1.005255211817386
CES-2,10,"(2, 8)",13,1.625499229746792,1.0103086625231847
CES-2,10,"(2, 8)",14,1.6072143692911174,0.9961215484552866
CES-2,10,"(2, 8)",15,1.6093440104792534,1.008575100329918
CES-2,10,"(2, 8)",16,1.6354395637788028,0.990078610633176
CES-2,10,"(2, 8)",17,1.6424939693914749,0.9996378268646686
CES-2,10,"(2, 8)",18,1.6013894397428905,0.9908416093929172
CES-2,10,"(2, 8)",19,1.6146048905129535,1.0117379178930426
CES-2,10,"(2, 8)",20,1.6389732749095691,0.9991102648574126
CES-2,10,"(2, 8)",21,1.6023232013526667,0.9845034477729478
CES-2,10,"(2, 8)",22,1.6184360914078733,0.9749547356781092
CES-2,10,"(2, 8)",23,1.6204539060185987,0.9999011239214544
CES-2,10,"(2, 8)",24,1.616483112669776,0.9878661127472004
CES-2,10,"(2, 8)",25,1.6031274809460443,1.0052436978379296
CES-2,10,"(2, 8)",26,1.593082022743749,0.9828241193731834
CES-2,10,"(2, 8)",27,1.6207650711473351,1.008083636334646
CES-2,10,"(2, 8)",28,1.6246810303876362,1.0164682085443182
CES-2,10,"(2, 8)",29,1.629714457896071,1.002008592591491
CES-2,10,"(2, 8)",30,1.640046546367525,0.9971530158960392
CES-2,10,"(2, 8)",31,1.6080540998098167,1.0077433166482768
CES-2,10,"(2, 8)",32,1.59736815902364,0.9882992459984132
CES-2,10,"(2, 8)",33,1.6151595377850696,0.9988438193719316
CES-2,10,"(2, 8)",34,1.6238691600355353,1.0019504099064307
CES-2,10,"(2, 8)",35,1.6346653609032382,0.9800215703700452
CES-2,10,"(2, 8)",36,1.619209109454514,1.0061628135825873
CES-2,10,"(2, 8)",37,1.6172036540697072,0.9992703184031898
CES-2,10,"(2, 8)",38,1.626261719858907,1.0033804047619863
CES-2,10,"(2, 8)",39,1.607055531814476,0.9859789772135356
CES-2,10,"(2, 8)",40,1.6015638453243364,0.992482095426321
CES-2,10,"(2, 8)",41,1.6065521991128553,1.0235053045095357
CES-2,10,"(2, 8)",42,1.6307883543454116,0.9866229615567396
CES-2,10,"(2, 8)",43,1.6050987577015894,0.9975954962514088
CES-2,10,"(2, 8)",44,1.608961610758064,1.0110325482986464
CES-2,10,"(2, 8)",45,1.6309350945489778,1.0034178904919793
CES-2,10,"(2, 8)",46,1.6119574721368932,0.9939475150749054
CES-2,10,"(2, 8)",47,1.6182334970045242,1.0012301425808756
CES-2,10,"(2, 8)",48,1.6069911098119125,1.0008591368956326
CES-2,10,"(2, 8)",49,1.611519157628889,0.9952411816637768
CES-2,10,"(2, 8)",50,1.6234429977583764,1.0099770429388173
square_root,10,"(2, 8)",1,1.6213430837553793,1.00864137578088
square_root,10,"(2, 8)",2,1.6149653039560916,1.0097013563475443
square_root,10,"(2, 8)",3,1.6150661069475944,1.0048513460783843
square_root,10,"(2, 8)",4,1.6110159941295312,0.9908988813562464
square_root,10,"(2, 8)",5,1.6151606678861472,0.9884781981015814
square_root,10,"(2, 8)",6,1.612226221441361,0.9887707485402948
square_root,10,"(2, 8)",7,1.6024521875180089,0.9945362036182124
square_root,10,"(2, 8)",8,1.6147326318664244,1.0000585801268884
square_root,10,"(2, 8)",9,1.6095138548212842,0.9910909392495189
square_root,10,"(2, 8)",10,1.6102934947600929,1.0058967650163475
square_root,10,"(2, 8)",11,1.6226241398847152,1.001844858651075
square_root,10,"(2, 8)",12,1.631853824002559,1.0008635501103265
square_root,10,"(2, 8)",13,1.6200891922520164,1.0037334495955936
square_root,10,"(2, 8)",14,1.6065852644162455,0.997097645329428
square_root,10,"(2, 8)",15,1.6102759056721083,1.004029744822143
square_root,10,"(2, 8)",16,1.6250169961568883,0.9948910095777156
square_root,10,"(2, 8)",17,1.6300750867270912,0.9998553523637588
square_root,10,"(2, 8)",18,1.6050323370963755,0.9950320141034072
square_root,10,"(2, 8)",19,1.6165422153173694,1.0051862636126632
square_root,10,"(2, 8)",20,1.6266107799122016,1.000240763537437
square_root,10,"(2, 8)",21,1.605888929599639,0.9937316618162504
square_root,10,"(2, 8)",22,1.6146610665150312,0.9880146664161314
square_root,10,"(2, 8)",23,1.6134437276921794,0.9990922101382884
square_root,10,"(2, 8)",24,1.6143920696559213,0.9938701184142242
square_root,10,"(2, 8)",25,1.604053344202768,1.0003080289413333
square_root,10,"(2, 8)",26,1.6017469166411686,0.9928544760622752
square_root,10,"(2, 8)",27,1.6171254082689794,1.0022869473256693
square_root,10,"(2, 8)",28,1.620763508033548,1.0090016760193763
square_root,10,"(2, 8)",29,1.6232595579383269,0.9985317398747936
square_root,10,"(2, 8)",30,1.6281516535558067,0.9985690400908156
square_root,10,"(2, 8)",31,1.6124239508369322,1.0037487701062746
square_root,10,"(2, 8)",32,1.6012079396188863,0.9947105250797498
square_root,10,"(2, 8)",33,1.6135171872460272,1.0001075721146868
square_root,10,"(2, 8)",34,1.6179133744989134,1.0005550639523508
square_root,10,"(2, 8)",35,1.6234142927935766,0.988677715489633
square_root,10,"(2, 8)",36,1.617032228027695,1.0020251927110837
square_root,10,"(2, 8)",37,1.6134056661322853,0.99894323983597
square_root,10,"(2, 8)",38,1.6199552988941206,1.001779618542101
square_root,10,"(2, 8)",39,1.6078223366429845,0.994033917257658
square_root,10,"(2, 8)",40,1.6027587983797424,0.9969891568794162
square_root,10,"(2, 8)",41,1.608179287813904,1.0074885029508815
square_root,10,"(2, 8)",42,1.621825928309886,0.9932539046273442
square_root,10,"(2, 8)",43,1.60727980415274,0.9967929036183468
square_root,10,"(2, 8)",44,1.6086950254096133,1.00302519881151
square_root,10,"(2, 8)",45,1.6218744213726133,0.9996836314393714
square_root,10,"(2, 8)",46,1.6115508703356023,0.9965529785318736
square_root,10,"(2, 8)",47,1.6138683771895956,0.9986133490142342
square_root,10,"(2, 8)",48,1.6095769540994542,1.0024542019297968
square_root,10,"(2, 8)",49,1.6111707767305117,0.9978751754978508
square_root,10,"(2, 8)",50,1.6198712496746648,1.0024254987958163
max,5,"(8, 32)",1,1.8391509550908287,1.049792426159819
max,5,"(8, 32)",2,1.7790013885709357,0.9910555500675868
max,5,"(8, 32)",3,1.8235476342752552,1.0408630042391376
max,5,"(8, 32)",4,1.7936653352725351,0.9851375865330714
max,5,"(8, 32)",5,1.8780719837131947,0.946843798805362
max,5,"(8, 32)",6,1.85735823723996,1.0585781000854009
max,5,"(8, 32)",7,1.8636273260202616,0.9432113206963484
max,5,"(8, 32)",8,1.7674714256103563,1.0037165521171518
max,5,"(8, 32)",9,1.88000975757264,0.9682912484796496
max,5,"(8, 32)",10,1.822499576276883,0.9482731755619124
max,5,"(8, 32)",11,1.8191117713945169,0.941283032636009
max,5,"(8, 32)",12,1.8494442577318608,0.9743521493950342
max,5,"(8, 32)",13,1.836339795013664,0.9234122863715972
max,5,"(8, 32)",14,1.8170697813700267,0.9700623129461696
max,5,"(8, 32)",15,1.852432285192256,0.9655254493004644
max,5,"(8, 32)",16,1.89727619753298,1.0209810578303065
max,5,"(8, 32)",17,1.842038518591401,0.936867289207076
max,5,"(8, 32)",18,1.874376377984099,0.9815747437173512
max,5,"(8, 32)",19,1.8418580316544904,0.9661090107097682
max,5,"(8, 32)",20,1.826505832082772,0.9238651144581922
max,5,"(8, 32)",21,1.84762107605578,1.0205496550143784
max,5,"(8, 32)",22,1.892251524314296,1.014518169712996
max,5,"(8, 32)",23,1.8859066379584728,0.9972452250464
max,5,"(8, 32)",24,1.8356047274395133,0.9762787930265774
max,5,"(8, 32)",25,1.837944323086241,0.906799045215404
max,5,"(8, 32)",26,1.833331629213523,0.9743242090882412
max,5,"(8, 32)",27,1.8117723761625069,0.9997471615385304
max,5,"(8, 32)",28,1.855569189882896,0.9771664792785276
max,5,"(8, 32)",29,1.880190806931194,0.9498230200028472
max,5,"(8, 32)",30,1.8872770377562988,1.0259385183830227
max,5,"(8, 32)",31,1.8560359648087768,0.9799098123048656
max,5,"(8, 32)",32,1.8233355711230628,1.0537366929663907
max,5,"(8, 32)",33,1.8379036461844027,1.0690449464289615
max,5,"(8, 32)",34,1.8281620262923344,0.9488975118888436
max,5,"(8, 32)",35,1.8271185073357747,1.001532766009007
max,5,"(8, 32)",36,1.8287915015839449,0.9918914029026178
max,5,"(8, 32)",37,1.8340024433438151,0.9629593597989856
max,5,"(8, 32)",38,1.9103254139750487,0.9639979397576428
max,5,"(8, 32)",39,1.8779843660907,0.9758815599896892
max,5,"(8, 32)",40,1.8064821985501744,0.9808339406178652
max,5,"(8, 32)",41,1.861898386967388,1.004751839506436
max,5,"(8, 32)",42,1.8843437723179737,0.9889546178883732
max,5,"(8, 32)",43,1.9291533665462224,1.1038113586303555
max,5,"(8, 32)",44,1.82431050681262,0.9529519818332948
max,5,"(8, 32)",45,1.8368838861049488,1.0015588703660685
max,5,"(8, 32)",46,1.8883795434387447,0.9691790761642332
max,5,"(8, 32)",47,1.9038928181166088,1.0328314164871883
max,5,"(8, 32)",48,1.8689293628529533,0.9916511541821352
max,5,"(8, 32)",49,1.786700240552893,0.9844656178668532
max,5,"(8, 32)",50,1.9064326996766023,0.9812367364890828
CES-2,5,"(8, 32)",1,1.430655977494563,1.0393007015733262
CES-2,5,"(8, 32)",2,1.4358498015170655,1.0050278329162308
CES-2,5,"(8, 32)",3,1.458467360009759,1.0329113759327704
CES-2,5,"(8, 32)",4,1.432148676847376,0.9956542118729984
CES-2,5,"(8, 32)",5,1.4479070028258163,0.9711678736618764
CES-2,5,"(8, 32)",6,1.4464137889677713,1.0314161715071022
CES-2,5,"(8, 32)",7,1.4533376269104696,0.9666293441554312
CES-2,5,"(8, 32)",8,1.443698691153221,1.015521314821396
CES-2,5,"(8, 32)",9,1.4542659752273446,0.9708069462709908
CES-2,5,"(8, 32)",10,1.4421481394508269,0.961860006160315
CES-2,5,"(8, 32)",11,1.4525294091615109,0.9607132203276156
CES-2,5,"(8, 32)",12,1.4460511354561123,0.986678185939067
CES-2,5,"(8, 32)",13,1.454098325866563,0.949511134160978
CES-2,5,"(8, 32)",14,1.443348059611524,0.9864395347107356
CES-2,5,"(8, 32)",15,1.4355348090289832,0.9633283153421062
CES-2,5,"(8, 32)",16,1.4392484613304593,0.98782299634946
CES-2,5,"(8, 32)",17,1.4444940093588488,0.964531668795934
CES-2,5,"(8, 32)",18,1.465046162455475,0.996999279071233
CES-2,5,"(8, 32)",19,1.4532028741045888,0.99642491924746
CES-2,5,"(8, 32)",20,1.4499063395602916,0.9717339421176804
CES-2,5,"(8, 32)",21,1.4526595862884175,1.0110646116352124
CES-2,5,"(8, 32)",22,1.447884717081101,0.9963097909421929
CES-2,5,"(8, 32)",23,1.4508142453797217,0.993141876354014
CES-2,5,"(8, 32)",24,1.4249941263046175,0.990405766510512
CES-2,5,"(8, 32)",25,1.4440711585732546,0.9590540743848608
CES-2,5,"(8, 32)",26,1.4469966497712066,1.0006188540045298
CES-2,5,"(8, 32)",27,1.4433054565913588,1.0071182474907805
CES-2,5,"(8, 32)",28,1.436598283344018,0.977636355151854
CES-2,5,"(8, 32)",29,1.462635899839173,0.9636274350678486
CES-2,5,"(8, 32)",30,1.4520099818391177,0.9967877775983316
CES-2,5,"(8, 32)",31,1.4469731915325,0.9859985592356156
CES-2,5,"(8, 32)",32,1.4356509625284062,1.031156209750951
CES-2,5,"(8, 32)",33,1.4565008237966235,1.0503679202866243
CES-2,5,"(8, 32)",34,1.4415212622493347,0.9602767037681532
CES-2,5,"(8, 32)",35,1.445877361677554,1.0002976311499827
CES-2,5,"(8, 32)",36,1.4383982119345928,0.9850874061994708
CES-2,5,"(8, 32)",37,1.4471836827012474,0.9824417695500024
CES-2,5,"(8, 32)",38,1.4566046688684755,0.9887508590185924
CES-2,5,"(8, 32)",39,1.462379129857008,0.9686815140122532
CES-2,5,"(8, 32)",40,1.441041515656939,0.9908241048939972
CES-2,5,"(8, 32)",41,1.471014859724722,1.0169659579435315
CES-2,5,"(8, 32)",42,1.4413744934616466,0.9785552544831748
CES-2,5,"(8, 32)",43,1.4490376426684106,1.0515126494254745
CES-2,5,"(8, 32)",44,1.4591568152897156,0.9777260059718668
CES-2,5,"(8, 32)",45,1.449571622324501,0.980929754723314
CES-2,5,"(8, 32)",46,1.4635732529068697,0.9948031208839038
CES-2,5,"(8, 32)",47,1.4579291294710124,1.0182986120996669
CES-2,5,"(8, 32)",48,1.456405506582683,0.977450915122552
CES-2,5,"(8, 32)",49,1.4211036540185549,0.9980877483542098
CES-2,5,"(8, 32)",50,1.452361101356724,0.9933448734129272
square_root,5,"(8, 32)",1,1.4457678131404486,1.0185328426508538
square_root,5,"(8, 32)",2,1.4533812477314842,1.0018496031264092
square_root,5,"(8, 32)",3,1.4666103883115458,1.0132526310751733
square_root,5,"(8, 32)",4,1.450810197928277,1.000546040866863
square_root,5,"(8, 32)",5,1.45730482923458,0.9892633198517544
square_root,5,"(8, 32)",6,1.457429743502528,1.012298697875258
square_root,5,"(8, 32)",7,1.4593721711172545,0.9865299661601072
square_root,5,"(8, 32)",8,1.458572451569154,1.006544306409063
square_root,5,"(8, 32)",9,1.4602764581487615,0.9877573777233954
square_root,5,"(8, 32)",10,1.4544699805324917,0.9833177042859218
square_root,5,"(8, 32)",11,1.4625362350237396,0.9839217666695708
square_root,5,"(8, 32)",12,1.4582368532462937,0.9967665560153958
square_root,5,"(8, 32)",13,1.4607767906989702,0.9764888672970136
square_root,5,"(8, 32)",14,1.4557528618561557,0.9963491634147528
square_root,5,"(8, 32)",15,1.4517716759561947,0.9850607131777832
square_root,5,"(8, 32)",16,1.4493513987132591,0.992508039531956
square_root,5,"(8, 32)",17,1.4552654572391233,0.9861581449248096
square_root,5,"(8, 32)",18,1.4668854972436671,1.0016775246431413
square_root,5,"(8, 32)",19,1.4595339055599936,1.0005456901394247
square_root,5,"(8, 32)",20,1.4586622956691513,0.9897006393349168
square_root,5,"(8, 32)",21,1.4609672529871274,1.0058904805295346
square_root,5,"(8, 32)",22,1.4544447244716423,0.9966634382217044
square_root,5,"(8, 32)",23,1.4578744676221322,0.9982353921626668
square_root,5,"(8, 32)",24,1.4435706685689544,0.995155736874458
square_root,5,"(8, 32)",25,1.4544701483150817,0.9864295375548374
square_root,5,"(8, 32)",26,1.4574184287744565,1.0034084448148046
square_root,5,"(8, 32)",27,1.455679333689896,1.004352454457798
square_root,5,"(8, 32)",28,1.4487889192326946,0.989128649135454
square_root,5,"(8, 32)",29,1.4668486309017827,0.9863017627085156
square_root,5,"(8, 32)",30,1.4563665533494852,0.997209495524722
square_root,5,"(8, 32)",31,1.457049252132526,0.9952920405867682
square_root,5,"(8, 32)",32,1.4502650704961653,1.0117784633215088
square_root,5,"(8, 32)",33,1.4645829671171886,1.0226593854909287
square_root,5,"(8, 32)",34,1.4539374763127366,0.9785584935008612
square_root,5,"(8, 32)",35,1.456876995910518,1.0025981678369669
square_root,5,"(8, 32)",36,1.451887627540081,0.9941374355904729
square_root,5,"(8, 32)",37,1.4570110662776914,0.9933679705108064
square_root,5,"(8, 32)",38,1.4604702162297305,0.9965157185222362
square_root,5,"(8, 32)",39,1.4649736211875717,0.9844647808649593
square_root,5,"(8, 32)",40,1.4546417046249005,0.9968534894026148
square_root,5,"(8, 32)",41,1.4713985316853218,1.007785276088522
square_root,5,"(8, 32)",42,1.4520977235935986,0.9892790909580051
square_root,5,"(8, 32)",43,1.4543736335418218,1.0198900530136787
square_root,5,"(8, 32)",44,1.4673142541481474,0.9906977047508424
square_root,5,"(8, 32)",45,1.4604237627128842,0.9898247840065172
square_root,5,"(8, 32)",46,1.4658383881075356,0.9998147207140584
square_root,5,"(8, 32)",47,1.4621179068210624,1.0081440237762598
square_root,5,"(8, 32)",48,1.4623332032041974,0.9894578640522732
square_root,5,"(8, 32)",49,1.4444605988844923,1.0001717194861477
square_root,5,"(8, 32)",50,1.4585849427249815,1.0001436010423888
max,10,"(8, 32)",1,2.259235163007672,0.9890993977125602
max,10,"(8, 32)",2,2.3252794838220057,0.9757677801485662
max,10,"(8, 32)",3,2.2797755763222662,0.953453641893146
max,10,"(8, 32)",4,2.247324562225191,1.013010469278188
max,10,"(8, 32)",5,2.3365988041539185,0.9737681191628784
max,10,"(8, 32)",6,2.252980924217913,0.9606360458734646
max,10,"(8, 32)",7,2.285257728246774,1.0232257647871614
max,10,"(8, 32)",8,2.260682516426075,1.0241542815082716
max,10,"(8, 32)",9,2.256377170629858,0.980508610007406
max,10,"(8, 32)",10,2.257557228605972,0.9185848231953307
max,10,"(8, 32)",11,2.208053411266248,0.9488334862174068
max,10,"(8, 32)",12,2.30853711159882,1.0175431120945997
max,10,"(8, 32)",13,2.2547034758579168,1.041380892781407
max,10,"(8, 32)",14,2.272456482814055,1.0086423423358255
max,10,"(8, 32)",15,2.2962895518237363,0.9924149698144092
max,10,"(8, 32)",16,2.24234365192809,0.9910543755659512
max,10,"(8, 32)",17,2.311825662443602,0.9527702510445116
max,10,"(8, 32)",18,2.232561181569548,0.976458378059306
max,10,"(8, 32)",19,2.1519532195635542,1.0146111042945365
max,10,"(8, 32)",20,2.3353939815084392,0.9852632665132172
max,10,"(8, 32)",21,2.2695598371224053,0.9956138772531206
max,10,"(8, 32)",22,2.2326934680352,0.990063347930953
max,10,"(8, 32)",23,2.1678325029683894,0.9400588343205846
max,10,"(8, 32)",24,2.240560293394178,0.968743902624598
max,10,"(8, 32)",25,2.243027899483036,0.9995505919699478
max,10,"(8, 32)",26,2.21449836592842,1.0247105200852853
max,10,"(8, 32)",27,2.2579425426597983,1.0282776169602434
max,10,"(8, 32)",28,2.183232944473842,0.9587744480428396
max,10,"(8, 32)",29,2.311408531402629,0.9648655320706568
max,10,"(8, 32)",30,2.1997613820808994,0.950909249579256
max,10,"(8, 32)",31,2.28100499100245,0.9530529460198764
max,10,"(8, 32)",32,2.267167374097061,0.9692357891417857
max,10,"(8, 32)",33,2.3045962409668226,0.9918989414095336
max,10,"(8, 32)",34,2.2224903711244552,0.9417421359303968
max,10,"(8, 32)",35,2.2985826297627243,0.9766840892465944
max,10,"(8, 32)",36,2.3624996800283244,0.9676341548839954
max,10,"(8, 32)",37,2.243320389898232,1.0286423273982024
max,10,"(8, 32)",38,2.31510153071533,1.0211720247746658
max,10,"(8, 32)",39,2.234739836728808,1.0099168137429722
max,10,"(8, 32)",40,2.153445423544597,0.9363814595619134
max,10,"(8, 32)",41,2.3014643780374846,1.0256075773994944
max,10,"(8, 32)",42,2.2640341583479,1.0198059539406903
max,10,"(8, 32)",43,2.2611525901754232,0.979581633948192
max,10,"(8, 32)",44,2.2473603366406816,0.9724987999016568
max,10,"(8, 32)",45,2.2053875088456505,1.0043983192532324
max,10,"(8, 32)",46,2.197671584633268,0.98824670980731
max,10,"(8, 32)",47,2.2693553596348672,0.9632593289760712
max,10,"(8, 32)",48,2.2233823874440706,1.013746757558064
max,10,"(8, 32)",49,2.253784634812587,0.9809328879438822
max,10,"(8, 32)",50,2.2620941944056314,1.020440244319922
CES-2,10,"(8, 32)",1,1.5952268536977647,0.9863629898032904
CES-2,10,"(8, 32)",2,1.6287009241700778,0.9883507713495135
CES-2,10,"(8, 32)",3,1.623076743224902,0.9825528331862344
CES-2,10,"(8, 32)",4,1.6097755470904231,0.9926697221178766
CES-2,10,"(8, 32)",5,1.6349384748490448,1.0025374879024629
CES-2,10,"(8, 32)",6,1.6083142062944862,1.002313501975163
CES-2,10,"(8, 32)",7,1.6132897803539503,1.001916183039859
CES-2,10,"(8, 32)",8,1.5928824391756504,0.9968727138710404
CES-2,10,"(8, 32)",9,1.604448567975078,0.9978574555255127
CES-2,10,"(8, 32)",10,1.6129905750591729,0.968930501647878
CES-2,10,"(8, 32)",11,1.6086865526489849,0.9930159603365928
CES-2,10,"(8, 32)",12,1.6347898744676657,1.0210088625998808
CES-2,10,"(8, 32)",13,1.592662767051079,1.0130856883575503
CES-2,10,"(8, 32)",14,1.6263237008794915,1.0253799826603938
CES-2,10,"(8, 32)",15,1.6076477873343034,1.0004779190780928
CES-2,10,"(8, 32)",16,1.6090650475469794,1.0024418452576709
CES-2,10,"(8, 32)",17,1.6364994935461128,0.9845003177261912
CES-2,10,"(8, 32)",18,1.623546837955364,1.0017338125119724
CES-2,10,"(8, 32)",19,1.5834370978326882,1.0039523339160217
CES-2,10,"(8, 32)",20,1.6198505132673968,0.991116309489898
CES-2,10,"(8, 32)",21,1.6118301230509129,0.9987832731490164
CES-2,10,"(8, 32)",22,1.622794289038994,0.9933244929254992
CES-2,10,"(8, 32)",23,1.5923214384858866,0.967839281382954
CES-2,10,"(8, 32)",24,1.6246602194139337,0.9902235790387244
CES-2,10,"(8, 32)",25,1.6250872228499056,1.0099423125876903
CES-2,10,"(8, 32)",26,1.600242288002389,1.014048564188211
CES-2,10,"(8, 32)",27,1.6215619400766168,1.0218878336469683
CES-2,10,"(8, 32)",28,1.5874118950573626,0.9785659168990988
CES-2,10,"(8, 32)",29,1.624725814978116,0.9797261836449652
CES-2,10,"(8, 32)",30,1.607716400814983,0.9904335622106684
CES-2,10,"(8, 32)",31,1.6324313922808833,0.9739209806164753
CES-2,10,"(8, 32)",32,1.616428683683886,0.97902112685565
CES-2,10,"(8, 32)",33,1.5983018411984178,0.9775950084699104
CES-2,10,"(8, 32)",34,1.6293185665789591,0.98078235261807
CES-2,10,"(8, 32)",35,1.6161941434244422,0.9884501684429616
CES-2,10,"(8, 32)",36,1.6305484769851049,0.9768961464147888
CES-2,10,"(8, 32)",37,1.6049238876893788,1.015844698948155
CES-2,10,"(8, 32)",38,1.6097596705324937,1.024741788204167
CES-2,10,"(8, 32)",39,1.6142260913394233,1.0072972864431189
CES-2,10,"(8, 32)",40,1.601589283349964,0.9802304216899288
CES-2,10,"(8, 32)",41,1.6298063194979664,1.005478370520834
CES-2,10,"(8, 32)",42,1.6131852233065629,1.0177022201834185
CES-2,10,"(8, 32)",43,1.631273994628154,1.0050989345892154
CES-2,10,"(8, 32)",44,1.616235476499874,0.9943693307713322
CES-2,10,"(8, 32)",45,1.6080656130379607,1.0084911803892498
CES-2,10,"(8, 32)",46,1.5905148019970936,0.9947165379761156
CES-2,10,"(8, 32)",47,1.6279239896567912,0.9940957263340104
CES-2,10,"(8, 32)",48,1.5977603225225143,1.0202485940159451
CES-2,10,"(8, 32)",49,1.6109610266079937,0.9884316313061275
CES-2,10,"(8, 32)",50,1.6239440247148516,1.015859861870023
square_root,10,"(8, 32)",1,1.601503393175523,0.9942690070621568
square_root,10,"(8, 32)",2,1.618389614255423,0.9962028991042864
square_root,10,"(8, 32)",3,1.618178331912392,0.99547123478254
square_root,10,"(8, 32)",4,1.6117896643559129,0.9962435522380818
square_root,10,"(8, 32)",5,1.622721625736888,1.0027676032978103
square_root,10,"(8, 32)",6,1.6111178584691377,1.0042388653543817
square_root,10,"(8, 32)",7,1.610813769516318,0.999378567724658
square_root,10,"(8, 32)",8,1.6012194933668449,0.9965438916987364
square_root,10,"(8, 32)",9,1.6069640833859355,1.0006599450528335
square_root,10,"(8, 32)",10,1.6120645461030183,0.9887220664863512
square_root,10,"(8, 32)",11,1.6106706201773464,0.999426225368662
square_root,10,"(8, 32)",12,1.6215035557913076,1.0095550997610097
square_root,10,"(8, 32)",13,1.6013348980049888,1.0053590322216777
square_root,10,"(8, 32)",14,1.6197874547354545,1.013348184007975
square_root,10,"(8, 32)",15,1.6077288129333351,1.0004766582752191
square_root,10,"(8, 32)",16,1.610515293857615,1.002182902746964
square_root,10,"(8, 32)",17,1.626911478892803,0.9950798903478004
square_root,10,"(8, 32)",18,1.6206833774549674,1.0022789811962862
square_root,10,"(8, 32)",19,1.5966746834571974,1.00098123789819
square_root,10,"(8, 32)",20,1.6139754920135745,0.9962829105242832
square_root,10,"(8, 32)",21,1.6121684454853895,0.9986615164195128
square_root,10,"(8, 32)",22,1.6176188013953938,0.9957328354435016
square_root,10,"(8, 32)",23,1.601419326938195,0.9864863199050852
square_root,10,"(8, 32)",24,1.623987384042616,0.9985733232465808
square_root,10,"(8, 32)",25,1.6188675329765014,1.004420966646296
square_root,10,"(8, 32)",26,1.6066411316516436,1.0051102277479418
square_root,10,"(8, 32)",27,1.61727281414365,1.010193118672072
square_root,10,"(8, 32)",28,1.601108183956557,0.9924163463561674
square_root,10,"(8, 32)",29,1.6182361759351438,0.9912237638962526
square_root,10,"(8, 32)",30,1.6127116905900074,0.9979540583481707
square_root,10,"(8, 32)",31,1.6247430873279396,0.990402228079675
square_root,10,"(8, 32)",32,1.613338076750372,0.9915222882645696
square_root,10,"(8, 32)",33,1.6019124341445274,0.9882526417585652
square_root,10,"(8, 32)",34,1.625541654900719,0.9947711014805484
square_root,10,"(8, 32)",35,1.612133440875164,0.9957540055446804
square_root,10,"(8, 32)",36,1.6208126277449106,0.9907831322712172
square_root,10,"(8, 32)",37,1.608753195950391,1.0068293088911855
square_root,10,"(8, 32)",38,1.6085629479996388,1.0120433583071513
square_root,10,"(8, 32)",39,1.6138393053180995,1.0034490238350202
square_root,10,"(8, 32)",40,1.6090045217319722,0.9953372202319406
square_root,10,"(8, 32)",41,1.621518326513308,1.001084408085276
square_root,10,"(8, 32)",42,1.6122863815679036,1.0080859014656611
square_root,10,"(8, 32)",43,1.6227936740504432,1.0029316972059057
square_root,10,"(8, 32)",44,1.6169212619684925,0.9997090101483718
square_root,10,"(8, 32)",45,1.6099696343543313,1.0041979894997917
square_root,10,"(8, 32)",46,1.6006510770463178,0.9991037411559316
square_root,10,"(8, 32)",47,1.6204628613434822,1.000290167135667
square_root,10,"(8, 32)",48,1.6028031441663535,1.00948055726511
square_root,10,"(8, 32)",49,1.6111488954708404,0.9964846172729768
square_root,10,"(8, 32)",50,1.6196207494330697,1.0068057508665216
max,5,"(10, 10)",1,2.039319203353564,1.0147982452995932
max,5,"(10, 10)",2,2.078001814983165,1.0083839129219314
max,5,"(10, 10)",3,2.0233656133070705,0.9987642714308416
max,5,"(10, 10)",4,2.0738290575124214,1.0241111318523437
max,5,"(10, 10)",5,2.075812530619742,0.9955856210610516
max,5,"(10, 10)",6,2.058550550988956,0.9736697181713736
max,5,"(10, 10)",7,2.064655062290107,1.0113022181400295
max,5,"(10, 10)",8,2.033733137664512,0.9694176298994852
max,5,"(10, 10)",9,2.0729547853384616,1.0306263345666664
max,5,"(10, 10)",10,2.0426718574736915,0.9963468334540196
max,5,"(10, 10)",11,2.0491045136547528,1.018408998397579
max,5,"(10, 10)",12,2.079754748631105,0.9883606725823174
max,5,"(10, 10)",13,2.056404801455336,1.0348717556463134
max,5,"(10, 10)",14,2.04957156320902,0.9734723775028206
max,5,"(10, 10)",15,2.0745391921727645,0.9951761149637612
max,5,"(10, 10)",16,2.034654906299995,1.0313838440495973
max,5,"(10, 10)",17,2.0472322889850183,1.0108870199448554
max,5,"(10, 10)",18,2.053462187837189,0.9827096169814828
max,5,"(10, 10)",19,2.0634834617319178,1.0069812005009178
max,5,"(10, 10)",20,2.0489054328364174,1.0380628066073687
max,5,"(10, 10)",21,2.0762100880232954,0.9880980286993928
max,5,"(10, 10)",22,2.0711145206954664,1.001903491375907
max,5,"(10, 10)",23,2.078002546985293,0.9960626174420336
max,5,"(10, 10)",24,2.046393428056677,0.973146786654462
max,5,"(10, 10)",25,2.0818358308191107,1.037267597783326
max,5,"(10, 10)",26,2.093498154694119,1.0045763661745988
max,5,"(10, 10)",27,2.047502913254608,0.9897635605448848
max,5,"(10, 10)",28,2.0809895169475228,0.9929669572959914
max,5,"(10, 10)",29,2.052212871490385,0.9967751254188058
max,5,"(10, 10)",30,2.078855630351909,1.0126115886500078
max,5,"(10, 10)",31,2.0814086997557024,1.0016820454052182
max,5,"(10, 10)",32,2.0842689926534,1.0104369307190308
max,5,"(10, 10)",33,2.077131072113896,1.017789867652431
max,5,"(10, 10)",34,2.0345305660067043,0.9995692204441754
max,5,"(10, 10)",35,2.0669232279587617,1.0002986331971324
max,5,"(10, 10)",36,2.119567444238109,1.0102345374014137
max,5,"(10, 10)",37,2.0482333533701778,0.9759181668713056
max,5,"(10, 10)",38,2.039396294765305,1.015900778815388
max,5,"(10, 10)",39,2.045193129928548,1.012609721133288
max,5,"(10, 10)",40,2.0417589065092985,0.9926663690413272
max,5,"(10, 10)",41,2.0586179909570523,0.9844818501359636
max,5,"(10, 10)",42,2.062342204944917,0.9841081790773464
max,5,"(10, 10)",43,2.048524622286362,0.9702217529785732
max,5,"(10, 10)",44,2.0986021438160654,1.0245478718276877
max,5,"(10, 10)",45,2.054417283489871,0.9748819374065776
max,5,"(10, 10)",46,2.0759353940310112,0.9933324407498128
max,5,"(10, 10)",47,2.077104922930682,1.0057943126259057
max,5,"(10, 10)",48,2.0665441489590544,1.0110206905649626
max,5,"(10, 10)",49,2.082744775689253,0.963416278131962
max,5,"(10, 10)",50,2.062043234223533,1.0036600494857135
CES-2,5,"(10, 10)",1,1.4532371633812946,1.0054815000673405
CES-2,5,"(10, 10)",2,1.460963148992942,0.9985231600147836
CES-2,5,"(10, 10)",3,1.4539876450310878,1.0001424611962433
CES-2,5,"(10, 10)",4,1.4525216660774158,1.0115945211573865
CES-2,5,"(10, 10)",5,1.4532004585590956,0.9983942437654308
CES-2,5,"(10, 10)",6,1.4528289247358823,0.9931928253688704
CES-2,5,"(10, 10)",7,1.4539964623791075,1.0152109324574652
CES-2,5,"(10, 10)",8,1.4492909255317643,0.9912677414741284
CES-2,5,"(10, 10)",9,1.4592581999322118,1.0199031813216357
CES-2,5,"(10, 10)",10,1.4500035395316682,0.9997629400640076
CES-2,5,"(10, 10)",11,1.4494869258396974,1.0160996063101213
CES-2,5,"(10, 10)",12,1.458562435312506,0.985135781317904
CES-2,5,"(10, 10)",13,1.4582906723927342,1.010051413736581
CES-2,5,"(10, 10)",14,1.45759606259065,0.9849875162321472
CES-2,5,"(10, 10)",15,1.448023061675527,0.9937742149099626
CES-2,5,"(10, 10)",16,1.4430843942523148,1.0118607918922513
CES-2,5,"(10, 10)",17,1.453652365211353,1.010272402907252
CES-2,5,"(10, 10)",18,1.455950249420338,1.0004880082765502
CES-2,5,"(10, 10)",19,1.4612718503583442,1.0122441191975642
CES-2,5,"(10, 10)",20,1.4569626065676125,1.0167965588316177
CES-2,5,"(10, 10)",21,1.454180061240754,0.9893104186267648
CES-2,5,"(10, 10)",22,1.4581261682713589,0.991816935357509
CES-2,5,"(10, 10)",23,1.4660076156400612,0.989180213681354
CES-2,5,"(10, 10)",24,1.4573945071245942,1.000646979648419
CES-2,5,"(10, 10)",25,1.466628771265998,1.0133693358531874
CES-2,5,"(10, 10)",26,1.461141000695192,0.9949150928182372
CES-2,5,"(10, 10)",27,1.4544669670014891,0.9902473654422056
CES-2,5,"(10, 10)",28,1.4748326312537483,0.991778997822927
CES-2,5,"(10, 10)",29,1.4525268508542677,0.9920050241795608
CES-2,5,"(10, 10)",30,1.4563132193498525,0.9997827518279432
CES-2,5,"(10, 10)",31,1.4633197514314564,1.0028028173780084
CES-2,5,"(10, 10)",32,1.459419825258892,1.014358712377904
CES-2,5,"(10, 10)",33,1.4503847090435344,1.0002514859529694
CES-2,5,"(10, 10)",34,1.451749958411664,0.9917735466143396
CES-2,5,"(10, 10)",35,1.4533080812590704,1.0041492313796132
CES-2,5,"(10, 10)",36,1.467417427204202,0.996942047652444
CES-2,5,"(10, 10)",37,1.4526523338414614,0.9869621378032696
CES-2,5,"(10, 10)",38,1.444963427513825,1.008355371849868
CES-2,5,"(10, 10)",39,1.46058594471127,1.0112907725336815
CES-2,5,"(10, 10)",40,1.447692315736134,0.9923081359004402
CES-2,5,"(10, 10)",41,1.4564075217124004,0.9937946354656392
CES-2,5,"(10, 10)",42,1.467095263972148,0.9856181611817416
CES-2,5,"(10, 10)",43,1.468635920268008,0.9853789898970354
CES-2,5,"(10, 10)",44,1.4571835173495111,1.0122226600806437
CES-2,5,"(10, 10)",45,1.462603769153662,0.9842068976105768
CES-2,5,"(10, 10)",46,1.4528865533735833,0.9948259837702846
CES-2,5,"(10, 10)",47,1.462462770134779,0.9932179541769324
CES-2,5,"(10, 10)",48,1.4532808157846768,0.998911557702446
CES-2,5,"(10, 10)",49,1.4709047906280257,0.980649003576775
CES-2,5,"(10, 10)",50,1.46530249540568,1.0075874468046773
square_root,5,"(10, 10)",1,1.4518638925264755,1.002374435138787
square_root,5,"(10, 10)",2,1.4551156800898846,0.9989424467958936
square_root,5,"(10, 10)",3,1.4519214207811315,1.0000976708529894
square_root,5,"(10, 10)",4,1.450322064256404,1.0054453893809552
square_root,5,"(10, 10)",5,1.4507946506049318,0.999236246921086
square_root,5,"(10, 10)",6,1.4508298077038344,0.9971869510797728
square_root,5,"(10, 10)",7,1.4514182004226812,1.007607428659368
square_root,5,"(10, 10)",8,1.4492996952076689,0.9969757374350888
square_root,5,"(10, 10)",9,1.454160499901117,1.0090087648967432
square_root,5,"(10, 10)",10,1.4498362092719446,1.0000850966437935
square_root,5,"(10, 10)",11,1.448994743845262,1.007515057529342
square_root,5,"(10, 10)",12,1.4537955821455528,0.9926648518552872
square_root,5,"(10, 10)",13,1.4539634767546403,1.0036624410665451
square_root,5,"(10, 10)",14,1.4533729940331972,0.992693296374558
square_root,5,"(10, 10)",15,1.4482744098943032,0.9970802200744509
square_root,5,"(10, 10)",16,1.4460158212514589,1.0048555736298916
square_root,5,"(10, 10)",17,1.451561517355784,1.004741923678634
square_root,5,"(10, 10)",18,1.4528920984517244,1.001151648580023
square_root,5,"(10, 10)",19,1.4559210981849833,1.005911973440281
square_root,5,"(10, 10)",20,1.4530573550286292,1.0069492298533531
square_root,5,"(10, 10)",21,1.4517960123777325,0.9948766203976008
square_root,5,"(10, 10)",22,1.4538706734345546,0.9953800700544768
square_root,5,"(10, 10)",23,1.457922663546007,0.9945840853280282
square_root,5,"(10, 10)",24,1.453735562806966,1.0015927683665615
square_root,5,"(10, 10)",25,1.4581243568467588,1.0054335309530715
square_root,5,"(10, 10)",26,1.455149016538757,0.9971520882774342
square_root,5,"(10, 10)",27,1.4523850668686549,0.995308291001936
square_root,5,"(10, 10)",28,1.462641480709715,0.9957532105800324
square_root,5,"(10, 10)",29,1.450907390720363,0.9959873058049424
square_root,5,"(10, 10)",30,1.4528628924058251,0.999141141433716
square_root,5,"(10, 10)",31,1.4560677371601116,1.0013236974452386
square_root,5,"(10, 10)",32,1.4543955768488852,1.0070625924014969
square_root,5,"(10, 10)",33,1.4492876093095532,0.9992461850019656
square_root,5,"(10, 10)",34,1.4508200281555006,0.9954817429937212
square_root,5,"(10, 10)",35,1.4510879568953825,1.0021763799271126
square_root,5,"(10, 10)",36,1.4585777777023117,0.99809065777134
square_root,5,"(10, 10)",37,1.4513494197194934,0.9939312925419218
square_root,5,"(10, 10)",38,1.4470481354171465,1.0038948738594438
square_root,5,"(10, 10)",39,1.4551360878359851,1.0047383092207864
square_root,5,"(10, 10)",40,1.4486607037936106,0.9961541663593796
square_root,5,"(10, 10)",41,1.4533178412714505,0.997915002949057
square_root,5,"(10, 10)",42,1.4585338417833442,0.993173352244427
square_root,5,"(10, 10)",43,1.4597397142240265,0.9933963445362044
square_root,5,"(10, 10)",44,1.4526979346943574,1.0052122477631091
square_root,5,"(10, 10)",45,1.4564381125179018,0.9922935489414484
square_root,5,"(10, 10)",46,1.4507087748703311,0.9973110141625924
square_root,5,"(10, 10)",47,1.4562315328236892,0.9964400313177996
square_root,5,"(10, 10)",48,1.450665177568001,0.998742050008718
square_root,5,"(10, 10)",49,1.4606148730120578,0.9908658228275424
square_root,5,"(10, 10)",50,1.4580551460471642,1.0039777063659567
max,10,"(10, 10)",1,2.58600804931826,1.0261272289434462
max,10,"(10, 10)",2,2.556637334659208,1.0207245059198873
max,10,"(10, 10)",3,2.63416443983384,0.9960748392616162
max,10,"(10, 10)",4,2.624612233649938,1.0013054709350488
max,10,"(10, 10)",5,2.5692401623649377,1.0023940758682055
max,10,"(10, 10)",6,2.6265406901506863,1.0088997947831388
max,10,"(10, 10)",7,2.584271018259308,1.0053809018975346
max,10,"(10, 10)",8,2.5923185811064395,0.998044214541972
max,10,"(10, 10)",9,2.580252761436496,0.9903112984477618
max,10,"(10, 10)",10,2.573660735333345,0.982586003851028
max,10,"(10, 10)",11,2.6091235803544905,0.9860798945364172
max,10,"(10, 10)",12,2.5534140272853856,1.0154796223756732
max,10,"(10, 10)",13,2.617513121853061,0.9912590399166225
max,10,"(10, 10)",14,2.606919852495785,1.0033795542480026
max,10,"(10, 10)",15,2.602611540994127,0.9889906264405232
max,10,"(10, 10)",16,2.651269392965764,1.0082288761098597
max,10,"(10, 10)",17,2.6096061575604903,1.0090939881634615
max,10,"(10, 10)",18,2.5792702445399653,1.0098622514052544
max,10,"(10, 10)",19,2.5773729475544727,1.000854963793547
max,10,"(10, 10)",20,2.619979395612845,0.99120190714207
max,10,"(10, 10)",21,2.642631563112172,1.002638654491946
max,10,"(10, 10)",22,2.577992748761739,1.0062688216784592
max,10,"(10, 10)",23,2.5823055550632312,0.9976995226632476
max,10,"(10, 10)",24,2.650566841561784,0.9985611438162256
max,10,"(10, 10)",25,2.5802972070828343,1.0008688033587485
max,10,"(10, 10)",26,2.5818350340702527,1.0031044558715914
max,10,"(10, 10)",27,2.598495885187889,0.9903276048753168
max,10,"(10, 10)",28,2.6034180632389186,0.9775343483533756
max,10,"(10, 10)",29,2.606546114775769,1.008386507247206
max,10,"(10, 10)",30,2.567668407063377,1.0081220334806409
max,10,"(10, 10)",31,2.571632325864224,0.9913758896459206
max,10,"(10, 10)",32,2.616071246773024,0.991116845695014
max,10,"(10, 10)",33,2.605586316238054,0.9970458014939518
max,10,"(10, 10)",34,2.582687456748409,1.0052954100827023
max,10,"(10, 10)",35,2.621389578515875,1.0045541322368603
max,10,"(10, 10)",36,2.5260236646197254,1.0083621243592535
max,10,"(10, 10)",37,2.605789576710656,0.9889604244448796
max,10,"(10, 10)",38,2.629143123695864,0.999685714584672
max,10,"(10, 10)",39,2.604498999196718,0.9932907200810168
max,10,"(10, 10)",40,2.588386277645655,0.9885725472553976
max,10,"(10, 10)",41,2.54844150706637,1.001981451065639
max,10,"(10, 10)",42,2.522403651715093,0.9861500843739692
max,10,"(10, 10)",43,2.6079065299865105,1.0239087527720911
max,10,"(10, 10)",44,2.632269528695983,0.9897523420888404
max,10,"(10, 10)",45,2.572223683307932,0.9900406697188806
max,10,"(10, 10)",46,2.593253102641904,1.0027313928308592
max,10,"(10, 10)",47,2.5789657669926283,0.9912388903989648
max,10,"(10, 10)",48,2.625496977988252,0.9923625418022646
max,10,"(10, 10)",49,2.590442236597242,0.9974521473276716
max,10,"(10, 10)",50,2.546695362345185,1.0140012482356464
CES-2,10,"(10, 10)",1,1.6010680664019097,1.0066863511874482
CES-2,10,"(10, 10)",2,1.6031599455206504,1.0080110219455294
CES-2,10,"(10, 10)",3,1.6171828576882494,1.0017608333678527
CES-2,10,"(10, 10)",4,1.6077157725579856,0.9955259170740342
CES-2,10,"(10, 10)",5,1.6058813872459017,1.006210103238857
CES-2,10,"(10, 10)",6,1.614454810635914,0.9988150229106236
CES-2,10,"(10, 10)",7,1.6077793930673878,0.9978871128181868
CES-2,10,"(10, 10)",8,1.6006440201503789,0.988985340811383
CES-2,10,"(10, 10)",9,1.6055759668798268,1.0020147831799158
CES-2,10,"(10, 10)",10,1.6069043173862718,0.9962036163018818
CES-2,10,"(10, 10)",11,1.6177738450079588,1.0014543186907292
CES-2,10,"(10, 10)",12,1.6034648823475022,1.0049426017993313
CES-2,10,"(10, 10)",13,1.6095318306246695,0.989270818916386
CES-2,10,"(10, 10)",14,1.6006453206997706,0.9883484803851252
CES-2,10,"(10, 10)",15,1.6188074715024947,0.9930587510600823
CES-2,10,"(10, 10)",16,1.6064764222180965,0.9981396714536922
CES-2,10,"(10, 10)",17,1.6118408187700377,1.0106486471132503
CES-2,10,"(10, 10)",18,1.6048308498050603,1.0077585938767748
CES-2,10,"(10, 10)",19,1.6253751654003163,1.0098312295329706
CES-2,10,"(10, 10)",20,1.6045668162150972,0.9967332683436992
CES-2,10,"(10, 10)",21,1.6123851085396808,0.9944508095731958
CES-2,10,"(10, 10)",22,1.6031102222984153,1.007677645598936
CES-2,10,"(10, 10)",23,1.6086602714098182,0.9985367254417412
CES-2,10,"(10, 10)",24,1.6179581706663075,0.995508637185905
CES-2,10,"(10, 10)",25,1.6155932147978898,0.9990020457197328
CES-2,10,"(10, 10)",26,1.5982900586051387,0.9935101167475128
CES-2,10,"(10, 10)",27,1.619069900843427,1.0013854559680435
CES-2,10,"(10, 10)",28,1.6090054462938157,0.9940246846980872
CES-2,10,"(10, 10)",29,1.60897728654382,1.007317523100119
CES-2,10,"(10, 10)",30,1.600341015920589,1.0028802522644082
CES-2,10,"(10, 10)",31,1.5982395706610748,0.9953688031716462
CES-2,10,"(10, 10)",32,1.6122909821762803,0.9923993350960044
CES-2,10,"(10, 10)",33,1.611284719225393,1.0001258075616632
CES-2,10,"(10, 10)",34,1.6021504607066794,1.002818814957174
CES-2,10,"(10, 10)",35,1.6101583707378118,0.9959582782751883
CES-2,10,"(10, 10)",36,1.5960274366758327,0.9994336424498764
CES-2,10,"(10, 10)",37,1.6206363955191858,1.0027335820544625
CES-2,10,"(10, 10)",38,1.6111054620599972,0.9990148785479596
CES-2,10,"(10, 10)",39,1.6077513475818257,0.9948424684958478
CES-2,10,"(10, 10)",40,1.609862325407188,0.9976913843851968
CES-2,10,"(10, 10)",41,1.60689155137037,0.9963418934333942
CES-2,10,"(10, 10)",42,1.5959263405249031,0.9931314688010928
CES-2,10,"(10, 10)",43,1.6096023574675409,1.0131172409606493
CES-2,10,"(10, 10)",44,1.6171011196131784,0.9924610515630412
CES-2,10,"(10, 10)",45,1.6011631895218077,1.0009697613271225
CES-2,10,"(10, 10)",46,1.597978044921645,0.9934326716168708
CES-2,10,"(10, 10)",47,1.6136475193765552,0.9968249496303828
CES-2,10,"(10, 10)",48,1.6184737323925993,0.986605440970786
CES-2,10,"(10, 10)",49,1.620979540163611,0.9939538140873622
CES-2,10,"(10, 10)",50,1.6060991488702194,1.0069865287138733
square_root,10,"(10, 10)",1,1.5961624442569058,1.0025435992531702
square_root,10,"(10, 10)",2,1.5974621746798987,1.0032449686699103
square_root,10,"(10, 10)",3,1.604920887919089,1.0008706154052207
square_root,10,"(10, 10)",4,1.5997125870908262,0.9975702560076313
square_root,10,"(10, 10)",5,1.5987943672555462,1.0026616831474156
square_root,10,"(10, 10)",6,1.603184681606111,0.9990060913021145
square_root,10,"(10, 10)",7,1.6000051019567323,0.998930668864499
square_root,10,"(10, 10)",8,1.5955557197993697,0.994474013536787
square_root,10,"(10, 10)",9,1.598857295154221,1.0011527865952468
square_root,10,"(10, 10)",10,1.5993645397652931,0.9980807351240524
square_root,10,"(10, 10)",11,1.6048796740123565,1.0010376262130518
square_root,10,"(10, 10)",12,1.5979932480108636,1.002063884574784
square_root,10,"(10, 10)",13,1.600902857859213,0.9945994589943729
square_root,10,"(10, 10)",14,1.5960395279242554,0.9940557826842267
square_root,10,"(10, 10)",15,1.6057028644479416,0.9967406948042292
square_root,10,"(10, 10)",16,1.5992744055023753,0.9985806056118973
square_root,10,"(10, 10)",17,1.601626121565502,1.0047218259071886
square_root,10,"(10, 10)",18,1.598333234392378,1.0034640748471984
square_root,10,"(10, 10)",19,1.6096127640286348,1.0049606146810333
square_root,10,"(10, 10)",20,1.598225439103464,0.9982745310127266
square_root,10,"(10, 10)",21,1.6018930967328582,0.9971637088035955
square_root,10,"(10, 10)",22,1.597676411092671,1.0035310266192414
square_root,10,"(10, 10)",23,1.60047620191851,0.9992477169167742
square_root,10,"(10, 10)",24,1.605422469008176,0.9979241817056255
square_root,10,"(10, 10)",25,1.603764261438071,0.9990259937654127
square_root,10,"(10, 10)",26,1.5949116860211567,0.9966651921758538
square_root,10,"(10, 10)",27,1.605365708794453,1.0009452034073627
square_root,10,"(10, 10)",28,1.600666061657016,0.9974939769491037
square_root,10,"(10, 10)",29,1.5999622323677463,1.0032739072887051
square_root,10,"(10, 10)",30,1.5960503519052875,1.0010592290486673
square_root,10,"(10, 10)",31,1.594808173708444,0.9977868402769228
square_root,10,"(10, 10)",32,1.6020709267288118,0.9963908744638114
square_root,10,"(10, 10)",33,1.6017274033607045,1.0000432288069425
square_root,10,"(10, 10)",34,1.5968313267370722,1.0014011726108314
square_root,10,"(10, 10)",35,1.6006944634094145,0.9976722657830478
square_root,10,"(10, 10)",36,1.5942902607330005,0.9992540944008618
square_root,10,"(10, 10)",37,1.6066989509284693,1.0015353153372617
square_root,10,"(10, 10)",38,1.6016083918731958,0.9994577072939971
square_root,10,"(10, 10)",39,1.5998592564839158,0.9973774152408608
square_root,10,"(10, 10)",40,1.6009673459495204,0.9989493660028732
square_root,10,"(10, 10)",41,1.5997886395440895,0.9980524121604994
square_root,10,"(10, 10)",42,1.5942256041211986,0.9969624497800007
square_root,10,"(10, 10)",43,1.600898616197825,1.0060024899760032
square_root,10,"(10, 10)",44,1.6046515539663078,0.9963005965720232
square_root,10,"(10, 10)",45,1.5967150350764883,1.000681858086404
square_root,10,"(10, 10)",46,1.5942631334380613,0.9966073715613386
square_root,10,"(10, 10)",47,1.6032374244323075,0.9983487096891265
square_root,10,"(10, 10)",48,1.6052523294195113,0.9932777538754892
square_root,10,"(10, 10)",49,1.6066519278944078,0.9971537729719666
square_root,10,"(10, 10)",50,1.5992027886048945,1.0026647429207276
